<annotation>
	<folder>JPEGImages</folder>
	<filename>BloodImage_00249.jpg</filename>
	<path>/home/pi/detection_dataset/JPEGImages/BloodImage_00249.jpg</path>
	<source>
		<database>Unknown</database>
	</source>
	<size>
		<width>640</width>
		<height>480</height>
		<depth>3</depth>
	</size>
	<segmented>0</segmented>
	<object>
		<name>WBC</name>
		<pose>Unspecified</pose>
		<truncated>1</truncated>
		<difficult>0</difficult>
		<bndbox>
			<xmin>70</xmin>
			<ymin>329</ymin>
			<xmax>277</xmax>
			<ymax>480</ymax>
		</bndbox>
	</object>
	<object>
		<name>WBC</name>
		<pose>Unspecified</pose>
		<truncated>0</truncated>
		<difficult>0</difficult>
		<bndbox>
			<xmin>164</xmin>
			<ymin>20</ymin>
			<xmax>362</xmax>
			<ymax>205</ymax>
		</bndbox>
	</object>
	<object>
		<name>Platelets</name>
		<pose>Unspecified</pose>
		<truncated>0</truncated>
		<difficult>0</difficult>
		<bndbox>
			<xmin>278</xmin>
			<ymin>268</ymin>
			<xmax>311</xmax>
			<ymax>298</ymax>
		</bndbox>
	</object>
</annotation>
