<annotation>
	<folder>JPEGImages</folder>
	<filename>BloodImage_00147.jpg</filename>
	<path>/home/pi/detection_dataset/JPEGImages/BloodImage_00147.jpg</path>
	<source>
		<database>Unknown</database>
	</source>
	<size>
		<width>640</width>
		<height>480</height>
		<depth>3</depth>
	</size>
	<segmented>0</segmented>
	<object>
		<name>Platelets</name>
		<pose>Unspecified</pose>
		<truncated>0</truncated>
		<difficult>0</difficult>
		<bndbox>
			<xmin>200</xmin>
			<ymin>249</ymin>
			<xmax>238</xmax>
			<ymax>294</ymax>
		</bndbox>
	</object>
	<object>
		<name>WBC</name>
		<pose>Unspecified</pose>
		<truncated>0</truncated>
		<difficult>0</difficult>
		<bndbox>
			<xmin>339</xmin>
			<ymin>42</ymin>
			<xmax>514</xmax>
			<ymax>207</ymax>
		</bndbox>
	</object>
</annotation>
