<annotation>
	<folder>JPEGImages</folder>
	<filename>BloodImage_00224.jpg</filename>
	<path>/home/pi/detection_dataset/JPEGImages/BloodImage_00224.jpg</path>
	<source>
		<database>Unknown</database>
	</source>
	<size>
		<width>640</width>
		<height>480</height>
		<depth>3</depth>
	</size>
	<segmented>0</segmented>
	<object>
		<name>WBC</name>
		<pose>Unspecified</pose>
		<truncated>0</truncated>
		<difficult>0</difficult>
		<bndbox>
			<xmin>243</xmin>
			<ymin>128</ymin>
			<xmax>388</xmax>
			<ymax>291</ymax>
		</bndbox>
	</object>
	<object>
		<name>Platelets</name>
		<pose>Unspecified</pose>
		<truncated>0</truncated>
		<difficult>0</difficult>
		<bndbox>
			<xmin>300</xmin>
			<ymin>87</ymin>
			<xmax>334</xmax>
			<ymax>130</ymax>
		</bndbox>
	</object>
</annotation>
