<annotation verified="no">
  <folder>RBC</folder>
  <filename>BloodImage_00171.jpg</filename>
  <path>/Users/cosmic/WBC_CLASSIFICATION_ANNO/RBC/BloodImage_00171.jpg</path>
  <source>
    <database>Unknown</database>
  </source>
  <size>
    <width>640</width>
    <height>480</height>
    <depth>3</depth>
  </size>
  <segmented>0</segmented>
  <object>
    <name>RBC</name>
    <pose>Unspecified</pose>
    <truncated>0</truncated>
    <difficult>0</difficult>
    <bndbox>
      <xmin>16</xmin>
      <ymin>195</ymin>
      <xmax>119</xmax>
      <ymax>303</ymax>
    </bndbox>
  </object>
  <object>
    <name>RBC</name>
    <pose>Unspecified</pose>
    <truncated>0</truncated>
    <difficult>0</difficult>
    <bndbox>
      <xmin>75</xmin>
      <ymin>300</ymin>
      <xmax>203</xmax>
      <ymax>412</ymax>
    </bndbox>
  </object>
  <object>
    <name>RBC</name>
    <pose>Unspecified</pose>
    <truncated>0</truncated>
    <difficult>0</difficult>
    <bndbox>
      <xmin>516</xmin>
      <ymin>108</ymin>
      <xmax>626</xmax>
      <ymax>213</ymax>
    </bndbox>
  </object>
  <object>
    <name>RBC</name>
    <pose>Unspecified</pose>
    <truncated>0</truncated>
    <difficult>0</difficult>
    <bndbox>
      <xmin>373</xmin>
      <ymin>105</ymin>
      <xmax>469</xmax>
      <ymax>225</ymax>
    </bndbox>
  </object>
  <object>
    <name>RBC</name>
    <pose>Unspecified</pose>
    <truncated>0</truncated>
    <difficult>0</difficult>
    <bndbox>
      <xmin>171</xmin>
      <ymin>205</ymin>
      <xmax>296</xmax>
      <ymax>314</ymax>
    </bndbox>
  </object>
  <object>
    <name>RBC</name>
    <pose>Unspecified</pose>
    <truncated>0</truncated>
    <difficult>0</difficult>
    <bndbox>
      <xmin>383</xmin>
      <ymin>310</ymin>
      <xmax>479</xmax>
      <ymax>430</ymax>
    </bndbox>
  </object>
  <object>
    <name>RBC</name>
    <pose>Unspecified</pose>
    <truncated>0</truncated>
    <difficult>0</difficult>
    <bndbox>
      <xmin>279</xmin>
      <ymin>312</ymin>
      <xmax>378</xmax>
      <ymax>442</ymax>
    </bndbox>
  </object>
  <object>
    <name>RBC</name>
    <pose>Unspecified</pose>
    <truncated>1</truncated>
    <difficult>0</difficult>
    <bndbox>
      <xmin>447</xmin>
      <ymin>1</ymin>
      <xmax>552</xmax>
      <ymax>91</ymax>
    </bndbox>
  </object>
  <object>
    <name>RBC</name>
    <pose>Unspecified</pose>
    <truncated>1</truncated>
    <difficult>0</difficult>
    <bndbox>
      <xmin>200</xmin>
      <ymin>411</ymin>
      <xmax>288</xmax>
      <ymax>480</ymax>
    </bndbox>
  </object>
  <object>
    <name>RBC</name>
    <pose>Unspecified</pose>
    <truncated>1</truncated>
    <difficult>0</difficult>
    <bndbox>
      <xmin>355</xmin>
      <ymin>1</ymin>
      <xmax>454</xmax>
      <ymax>84</ymax>
    </bndbox>
  </object>
  <object>
    <name>RBC</name>
    <pose>Unspecified</pose>
    <truncated>1</truncated>
    <difficult>0</difficult>
    <bndbox>
      <xmin>8</xmin>
      <ymin>1</ymin>
      <xmax>123</xmax>
      <ymax>65</ymax>
    </bndbox>
  </object>
  <object>
    <name>RBC</name>
    <pose>Unspecified</pose>
    <truncated>1</truncated>
    <difficult>0</difficult>
    <bndbox>
      <xmin>580</xmin>
      <ymin>232</ymin>
      <xmax>640</xmax>
      <ymax>331</ymax>
    </bndbox>
  </object>
  <object>
    <name>RBC</name>
    <pose>Unspecified</pose>
    <truncated>1</truncated>
    <difficult>0</difficult>
    <bndbox>
      <xmin>1</xmin>
      <ymin>383</ymin>
      <xmax>83</xmax>
      <ymax>480</ymax>
    </bndbox>
  </object>
</annotation>
