<annotation verified="no">
  <folder>RBC</folder>
  <filename>BloodImage_00228.jpg</filename>
  <path>/Users/cosmic/WBC_CLASSIFICATION_ANNO/RBC/BloodImage_00228.jpg</path>
  <source>
    <database>Unknown</database>
  </source>
  <size>
    <width>640</width>
    <height>480</height>
    <depth>3</depth>
  </size>
  <segmented>0</segmented>
  <object>
    <name>RBC</name>
    <pose>Unspecified</pose>
    <truncated>0</truncated>
    <difficult>0</difficult>
    <bndbox>
      <xmin>209</xmin>
      <ymin>347</ymin>
      <xmax>313</xmax>
      <ymax>436</ymax>
    </bndbox>
  </object>
  <object>
    <name>RBC</name>
    <pose>Unspecified</pose>
    <truncated>0</truncated>
    <difficult>0</difficult>
    <bndbox>
      <xmin>285</xmin>
      <ymin>278</ymin>
      <xmax>405</xmax>
      <ymax>376</ymax>
    </bndbox>
  </object>
  <object>
    <name>RBC</name>
    <pose>Unspecified</pose>
    <truncated>0</truncated>
    <difficult>0</difficult>
    <bndbox>
      <xmin>106</xmin>
      <ymin>269</ymin>
      <xmax>215</xmax>
      <ymax>389</ymax>
    </bndbox>
  </object>
  <object>
    <name>RBC</name>
    <pose>Unspecified</pose>
    <truncated>0</truncated>
    <difficult>0</difficult>
    <bndbox>
      <xmin>103</xmin>
      <ymin>170</ymin>
      <xmax>204</xmax>
      <ymax>276</ymax>
    </bndbox>
  </object>
  <object>
    <name>RBC</name>
    <pose>Unspecified</pose>
    <truncated>0</truncated>
    <difficult>0</difficult>
    <bndbox>
      <xmin>52</xmin>
      <ymin>78</ymin>
      <xmax>150</xmax>
      <ymax>181</ymax>
    </bndbox>
  </object>
  <object>
    <name>RBC</name>
    <pose>Unspecified</pose>
    <truncated>0</truncated>
    <difficult>0</difficult>
    <bndbox>
      <xmin>504</xmin>
      <ymin>303</ymin>
      <xmax>602</xmax>
      <ymax>406</ymax>
    </bndbox>
  </object>
  <object>
    <name>RBC</name>
    <pose>Unspecified</pose>
    <truncated>0</truncated>
    <difficult>0</difficult>
    <bndbox>
      <xmin>403</xmin>
      <ymin>155</ymin>
      <xmax>507</xmax>
      <ymax>262</ymax>
    </bndbox>
  </object>
  <object>
    <name>RBC</name>
    <pose>Unspecified</pose>
    <truncated>0</truncated>
    <difficult>0</difficult>
    <bndbox>
      <xmin>294</xmin>
      <ymin>145</ymin>
      <xmax>403</xmax>
      <ymax>251</ymax>
    </bndbox>
  </object>
  <object>
    <name>RBC</name>
    <pose>Unspecified</pose>
    <truncated>0</truncated>
    <difficult>0</difficult>
    <bndbox>
      <xmin>361</xmin>
      <ymin>360</ymin>
      <xmax>470</xmax>
      <ymax>466</ymax>
    </bndbox>
  </object>
  <object>
    <name>RBC</name>
    <pose>Unspecified</pose>
    <truncated>0</truncated>
    <difficult>0</difficult>
    <bndbox>
      <xmin>28</xmin>
      <ymin>255</ymin>
      <xmax>137</xmax>
      <ymax>361</ymax>
    </bndbox>
  </object>
  <object>
    <name>RBC</name>
    <pose>Unspecified</pose>
    <truncated>1</truncated>
    <difficult>0</difficult>
    <bndbox>
      <xmin>34</xmin>
      <ymin>1</ymin>
      <xmax>143</xmax>
      <ymax>62</ymax>
    </bndbox>
  </object>
</annotation>
