<annotation>
	<folder>JPEGImages</folder>
	<filename>BloodImage_00258.jpg</filename>
	<path>/home/pi/detection_dataset/JPEGImages/BloodImage_00258.jpg</path>
	<source>
		<database>Unknown</database>
	</source>
	<size>
		<width>640</width>
		<height>480</height>
		<depth>3</depth>
	</size>
	<segmented>0</segmented>
	<object>
		<name>Platelets</name>
		<pose>Unspecified</pose>
		<truncated>0</truncated>
		<difficult>0</difficult>
		<bndbox>
			<xmin>257</xmin>
			<ymin>162</ymin>
			<xmax>300</xmax>
			<ymax>202</ymax>
		</bndbox>
	</object>
	<object>
		<name>WBC</name>
		<pose>Unspecified</pose>
		<truncated>0</truncated>
		<difficult>0</difficult>
		<bndbox>
			<xmin>221</xmin>
			<ymin>223</ymin>
			<xmax>386</xmax>
			<ymax>387</ymax>
		</bndbox>
	</object>
	<object>
		<name>Platelets</name>
		<pose>Unspecified</pose>
		<truncated>0</truncated>
		<difficult>0</difficult>
		<bndbox>
			<xmin>541</xmin>
			<ymin>394</ymin>
			<xmax>582</xmax>
			<ymax>435</ymax>
		</bndbox>
	</object>
</annotation>
